{"cameraMode":{"drawMode":0,"name":"Shaded","section":"Shading Mode"},"sceneLighting":true,"audioPlay":false,"sceneViewState":{"showFog":true,"showMaterialUpdate":false,"showSkybox":true,"showFlares":true,"showImageEffects":true,"showParticleSystems":true},"in2DMode":false,"pivot":{"x":-1.732957124710083,"y":0.04062613844871521,"z":-0.0829734057188034},"rotation":{"x":0.0670660063624382,"y":-0.7024829387664795,"z":0.06681577861309052,"w":0.7054055333137512},"size":0.8238829970359802,"orthographic":false}