{"cameraMode":{"drawMode":0,"name":"Shaded","section":"Shading Mode"},"sceneLighting":false,"audioPlay":false,"sceneViewState":{"showFog":true,"showMaterialUpdate":false,"showSkybox":false,"showFlares":true,"showImageEffects":true,"showParticleSystems":true},"in2DMode":false,"pivot":{"x":0.0,"y":0.23209895193576814,"z":-0.09991636872291565},"rotation":{"x":-0.07740452885627747,"y":0.9037618041038513,"z":-0.3781784772872925,"w":-0.18497231602668763},"size":0.36983639001846316,"orthographic":false}