{"cameraMode":{"drawMode":0,"name":"Shaded","section":"Shading Mode"},"sceneLighting":true,"audioPlay":false,"sceneViewState":{"showFog":true,"showMaterialUpdate":false,"showSkybox":true,"showFlares":true,"showImageEffects":true,"showParticleSystems":true},"in2DMode":false,"pivot":{"x":2.255769968032837,"y":1.8511412143707276,"z":2.893197774887085},"rotation":{"x":0.2622867226600647,"y":-0.37009909749031069,"z":0.10978960245847702,"w":0.8844360113143921},"size":2.8732662200927736,"orthographic":false}